esm,famil,keshvar,rang,ashia,ghaza
اوا,اسدی,المان,ابی,استکان,ابگوشت
ارزو,ارمانی,البانی,اجری,ایینه,اش
اتنا,اکبری,انگولا,ارغوانی,اره,برنجخورشت
ارش,اعظمی,اتریش,ارکیده,ارهبرقی,باقالیپلو
امنه,امینی,امریکا,البالویی,ابپاش,بهپلو
ارمین,ازادی,ایتالیا,بژ,بیل,باقلوا
ایدا,بابایی,ارژانتین,بنفش,بمب,پیتزا
امیر,بهرامی,ارمنستان,بلوطی,بخاری,پلو
ارمان,باقری,اذربایجان,پرتغالی,پارو,پیتزا
بردیا,بهشتی,افریقا,پرکلاغی,پنکه,پورهسیبزمینی
بهنام,براتی,اندورا,پستهای,پارچه,تهچین
بهرام,بانی,اتریش,پوستپیازی,پنبه,تاسکباب
بابک,پهلوانی,استرالیا,توسی,توپ,ترشیتره
بیتالله,پورایمان,اردن,ثعلبی,تاج,ثرید
بیتا,پیرایی,ازبکستان,جیوهای,تنیس,ثریایی
باران,پناهی,اسپانیا,جگری,تاب,جوجه
بهاره,پورحسین,امارات,جیگری,ثانیهشمار,جوجهکباب
بهناز,پاکزاد,امریکا,جوهری,ثابتکننده,جعفریپلو
بهنوش,پورمحمدی,اوکراین,چمنی,جکماشین,چلوکباب
پروانه,تیموری,ایتالیا,حلوایی,جارو,چنجه
پرویز,ترابی,ایران,حنایی,چکش,چلومرغ
پرنیان,توحیدی,ایرلند,خاکستری,چمدان,چلوگوشت
پروین,تبریزی,ایسلند,خرمایی,چوب,حلیم
پونه,توحدی,باربادوس,خاکی,چرخخیاطی,حلوا
پریسا,ثنایی,باهاما,دودی,چسب,خورشتبادمجان
پدرام,ثریایی,بحرین,دلفینی,چتر,خاگینه
پیمان,ثروتمند,برزیل,دوغی,چینه,خورشتالو
پارسا,جاویدی,بریتانیا,ذغالی,حوله,دلمه
پرهام,جوادی,بلاروس,روناسی,حولهخشککن,دمپختک
پوریا,جواهری,بلژیک,زرشکی,حسگر,دمیگوجه
پرویز,چنگیزی,بلغارستان,زرد,خطکش,دندونی
توحید,چمنی,بنگلادش,ژلهای,خطکش,ذرتپلو
ترانه,چمرانی,بوتسوانا,ژولکی,خیمه,رنگینک
تینا,چمنماه,بولیوی,سبز,دستکش,رشتهپلو
ترلان,حاتمی,پاراگوئه,سفید,داس,رشته
تارا,حسینی,پاکستان,سرمهای,دمپایی,زرشکپلو
ترنج,حیاتی,پاناما,سیاه,ذغال,زردکپلو
ترنم,حمیدی,پرتغال,شیری,ذرهبین,ژامبون
ثریا,خمینی,پرو,شرابی,رنده,ژیگو
ثنا,خطیبی,ترکیه,شکلاتی,رومیزی,ژلاتین
ثمین,داوودی,تانزانیا,صورتی,رادار,ژله
جواد,درخشانی,تایلند,صدفی,رادیو,سیرابی
جعفر,دلدار,ترکمنستان,ضدرنگ,زنبیل,سبزیپلو
جواهر,درگاهی,تاجیکستان,طوسی,زنجیر,شوربا
جمال,ذبیحی,جیبوتی,طلایی,زین,شامی
جلال,ذیلائی,جامايیکا,عنابی,زیلو,شیرینپلو
چنگیز,ریاحی,جزایرسلیمان,عسلی,زنگوله,شیویدباقالی
چکامه,رضایی,جبلالطارق,فیلی,زنگ,شلغمپلو
چترا,رسایی,چین,فندوقی,ژیلت,شیربرنج
حمید,رشیدی,چک,فسفری,ژیروسکوپ,صدف
حامد,رستمی,حبشه,فیروزهای,سبد,صدفپلو
حسن,رامینفر,خمیس,قرمز,سوزن,طاسکباب
حشمت,زهرایی,خرونا,قهوهای,سرمه,عدسی
خلیل,زاهدی,دانمارک,کرمی,سیخ,عدسپلو
خسرو,زال,دومینیکین,کالباسی,سوت,غازشکمپر
دنیا,ژوله,ذمار,کبود,شیشه,فسنجان
داریوش,ژوینوسی,رومانی,کلهغازی,شلنگ,فلافل
داوود,سوری,روسیه,گلبهی,شیلنگ,فیلهمرغ
دلارام,سهرابی,زیمباوه,گیلاسی,شمشیر,قورمهسبزی
درسا,سلیمانی,زامبیا,لیمویی,صابون,قیمه
درنا,شرفی,ژاپن,لاجورد,صندوقچه,کتلت
ذوالفقار,شکوهی,سومالی,مشکی,صندوقچه,کلمپلو
ریما,شهبازی,سوریه,میشی,ضبط,کوکو
رامبد,شوقی,سوئیس,مهتابی,طناب,کباب
راحله,شمسی,سوئد,نارنجی,طبل,کالباس
روشا,صباحی,سریلانکا,نیلی,ظرفشویی,کشکبادمجان
روشنک,صارمی,شیلی,نوکمدادی,ظرفشویی,گوشتکوبیده
رها,صوفی,صربستان,نفرهای,عینک,گولهریزه
رشید,ضیایی,طبرستان,وانیلی,عصا,لوبیاپلو
ژاله,ضرابی,عراق,هلویی,عروسک,لازانیا
ژینوس,طاهری,عربستان,یشمی,غذاساز,ماکارونی
ژیلا,طیبی,عمان,یاسی,غذاساز,مرصعپلو
ژیوار,ظفری,غنا,,غلطک,ماهی
سعید,عبدی,فرانسه,,فرش,میگو
سانیار,عباسی,فنلاند,,فرفره,نخودپلو
سهیل,عباسپور,فلسطین,,قالی,نیمرو
سامان,عامل,قزاقستان,,قرقره,نرگسی
سارینا,غفرانی,کلمبیا,,قوری,والکپلو
سعیده,غضنفری,کانادا,,قاشق,همبرگر
سما,غلامی,کویت,,قابعکس,هویجپلو
سلیب,فرخی,کوبا,,قلابماهیگیری,یتیمچه
سمانه,فرهادی,کنیا,,کفش,
سارا,فتحی,کاستاریکا,,کلید,
ساغر,فدوی,گرجستان,,کاردک,
ساجده,قنبری,گرنادا,,کمد,
سارینا,قاسمی,لهستان,,کولهپشتی,
شیما,قاصدی,لبنان,,کیف,
شهرام,کرمی,لیبی,,کتاب,
شکوفه,کیوانی,مالزی,,کنترل,
شهرزاد,کریمی,مکزیک,,گاری,
شراره,گلزار,مصر,,گوشواره,
شهباز,گلرخیان,مالی,,گیلیم,
شعبان,لادنی,مالت,,لوستر,
صابر,لهراسبی,مجارستان,,لامپ,
صبا,محمدی,مقدونیه,,لوله,
صوفیا,مهدوی,نروژ,,میخ,
صاحب,محبی,نپال,,میز,
ضیاالدین,مهربانی,نییجریه,,منگه,
طاهر,مرحبایی,ویتنام,,نوکمداد,
طیبه,منوچهری,واتیکان,,نخ,
طناز,مینایی,ولز,,نردبان,
طاها,نادری,ونزوئلا,,نمکدان,
ظفر,نوروزی,هند,,نلبکی,
ظهیر,نظری,هلند,,وان,
علی,وحیدی,یونان,,هاون,
عباس,وثوقی,یوگسلاوی,,یقه,
عارف,والی,یمن,,یراق,
عرفان,هرمزی,,,یخ,
غلام,هاشمی,,,یخچال,
غزاله,یادگاری,,,,
غضنفر,یاسینی,,,,
فرهاد,یحییآبادی,,,,
فرزین,,,,,
فریبا,,,,,
فهیمه,,,,,
فرشته,,,,,
فرزاد,,,,,
فاطمه,,,,,
قاسم,,,,,
قنبر,,,,,
قاصدک,,,,,
قلی,,,,,
کامران,,,,,
کتایون,,,,,
کرم,,,,,
کارا,,,,,
گلی,,,,,
گلرخ,,,,,
گلچهره,,,,,
گلاره,,,,,
گوهر,,,,,
لیلا,,,,,
لعیا,,,,,
لاله,,,,,
لادن,,,,,
لیدا,,,,,
مهدی,,,,,
مجتبی,,,,,
مانی,,,,,
ماهان,,,,,
میکاییل,,,,,
مبین,,,,,
محمد,,,,,
منوچهر,,,,,
مینا,,,,,
مبین,,,,,
مهتاب,,,,,
مهدیه,,,,,
مریم,,,,,
ملیکا,,,,,
مهسا,,,,,
مهرنوش,,,,,
مرجان,,,,,
مروارید,,,,,
مونس,,,,,
نیما,,,,,
نادر,,,,,
ندا,,,,,
نرگس,,,,,
وحید,,,,,
ولی,,,,,
هدی,,,,,
هلیا,,,,,
یاسر,,,,,
یلدا,,,,,
یاسمن,,,,,
یاس,,,,,
